text,label,label_text,GPT_sentiment
@user @user @user @user but some of the reviews are good.,2,positive,positive
"US electoral college a rubber stamp, says Talbott #news #timesofindia",1,neutral,neutral
@user @user well traditionally we don't vote rightists into power. And are too fragmented to elect a trump or modi,0,negative,negative
@user @user why did trump appoint Steve Bannon in his cabinet who openly racism and support KKK.This guy will save th wrld?,0,negative,negative
AI and robots line up for battlefield service via @user,1,neutral,neutral
Galaxy Note 7 Banned In U.S. Flights & Violators Will Be Sent To Prison,0,negative,negative
You can still sign up for the evening seminar on #dronestrikes in counter-terror wars 14 December  #TheHague @user,1,neutral,neutral
Is Ukraine headed for another revolution? via @user #saakashvili,1,neutral,neutral
RIP EU Persona 5 PSN theme  ;_;   ;_;   ;_;The ride never ends for Europe,1,neutral,neutral
I bought a guy a Valentines Day gift once and that was really traumatic for me so I try my best to be single on gift giving holidays.,1,neutral,negative
@user @user Your mother should have had a medical plan that included abortion,0,negative,negative
The union between myself and @user must be realized. A marriage between rightists and #tankies must be secured for the sake of peace!,1,neutral,neutral
Ashley Graham Shows Off Her Killer Curves in a Sexy Lace LBD,2,positive,positive
"China's TPP alternative lacks protection for workers, environment, information",0,negative,negative
I just want the semester to be over so I can watch Westworld and Insecure without guilt,2,positive,neutral
We must raise the minimum wage. Now is not among them.,1,neutral,neutral
It could all be true and @user  @user Drone strikes & flying around on Air Force 1 has caused it!,0,negative,negative
"I will go so far to say s1 of westworld isn't just good, it's brilliant. A story within a story within a story about storytelling",2,positive,positive
OMG !! Best FIFA 17 Goal Ever !!! #fifa17 #psn #goal #fcbarcelona #neymar #FCBlive,2,positive,positive
Are you really using the anniversary of a #massacre aka #Thanksgiving to show off all the junk you are 'thankful' for? #warpedhistory,0,negative,negative
"IFC signed agreement with Bank of #Palestine to scale up lending operations to smaller firms, especially women-owne…",2,positive,neutral
“Pharmaceutical companies are being affected by these lower numbers in so many states across the country.”,0,negative,neutral
@user The popular vote that backfires is this year's big lesson to the elites.,0,negative,negative
"State Undertaking Medicaid ""Transformation""",1,neutral,neutral
15. Justin Verlander should have won the 2012 and 2016 Cy Youngs.,1,neutral,neutral
They'll remember this night forever. #ThisIsUs,2,positive,positive
louisa wall (mp)- a queer woc- supports cannabis legalisation - supports decriminalisation of euthanasia - believes in maori rights,1,neutral,positive
"Another major #Norwegian investor divests from #DakotaAccessPipeline, sold $23.8m shares via @user #StandingRock",1,neutral,neutral
#WVIAPublicMedia Kellyanne Conway Attempts To Clarify Trump Children's Role In Transition. Read Blog:,1,neutral,neutral
"If the regular brands won't sell clothes for sizes 10+, cool new brands will - check these out!https://t.co/EheBTXzytD",1,neutral,positive
@user @user @user @user @user DAPL is not meant 2 supply the US 2nd Fracking should B avoided as there R better options,0,negative,negative
"when you jacked into your house without keys. hell yeah, i'm david blaine jr.",2,positive,positive
Who gets the phone in a gay marriage and someone calls and asks to speak to the man of the house?,1,neutral,neutral
"""Out here the penalty for that is death."" ""I accept that"" ""Well I don't! What purpose would it serve? It can't bring Cora back now can it?""",0,negative,negative
Everything in my @user store is now on sale! 48 hours only! If you like #DavidBowie #TheWalkingDead #ledzeppelin #HorrorMovies,2,positive,positive
"@user nah. Not going to happen mate, no matter how much you wet your pants about it. No #brexit. Save Great Britain from hate!",0,negative,negative
"HA! #Giuliani is a UGE crook! #CrookedRudy never ever trust him, he was in w #Comey #Romey be a fair not a #bigot…",0,negative,negative
@user @user @user @user zillion dolla chicks aka (destiny's abortion) back it,1,neutral,negative
"Yes, yes, yes! A billion times yes. So say my daughters with autism who could lose their coverage of therapy. #ACA…",1,neutral,negative
#SimplyRik Melania Trump Is Set To Be A Long-Distance First Lady Follow me on @user,1,neutral,neutral
"I'm basically the Fidel Castro of New Zealand, having now outlived or outlasted nine NZ prime ministers. #nzpol #ninedowntwotogo",1,neutral,neutral
@user It is racist to say voter id amounts to suppression. Minorities can get IDs just as easily as anyone else.,0,negative,negative
@user funny everyone i know is paying actual money for theirs w/ some subsidies. Only 1 person i know got expanded medicaid,2,positive,neutral
What a nice and heart-warming episode <3 #ThisIsUs #LikeAllRightLetsTalkAboutTheseTwo,2,positive,positive
Nice 10-k-run in the morning sun. #Jerusalem,2,positive,positive
"Obama goes to Cuba after 50+ years of embargo, LIBTARDS pat him on the back. Trump gets a congratulations from...",1,neutral,negative
"@user @user @user begging for book sales & playing a victim isnt cool, PC crap is over",0,negative,negative
IF YOU SHOULD GO BACK IN 2011 WHO WOULD YOU RATHER? #NbaTipo #nba #NBAA16 #NBAwards #NBALIVEMobile #BullsNation #cavs #CavsNation #Bulls,1,neutral,neutral
LOOOOOOOOL I FORGOT THERES A CATHOLIC BLESSING OR W/E THAT LOOKS LIKE THE NAZI SALUTE,0,negative,negative
<-Asian Slut Squirts A Lot While Fucked #nsfw #bath #bubble  #onedirection,1,neutral,negative
Steve Bannon looks like a guy who would put razors in apples on Halloween,0,negative,negative
"And he gets away with this. He will ruin America along with Paul Ryan, Steve Bannon, Mike Pence and all the others.…",0,negative,negative
@user @user @user Lets start local clapouts to support #NationalClapOut for #obama on January 19. #ThankYouObama @user #WhiteHouse,2,positive,positive
@user Translation: We need to suppress free speech & let govt decide what u read. SCOTUS wont let it happen. #1A #draintheswamp,0,negative,negative
"@user @user In NH, repugnants r trying to change same day voter registration law. Another example of voter suppression #Resist",1,neutral,negative
@user @user @user @user riiiight... because all those anti-Trump riots are his supporters.,1,neutral,negative
"@user And all of Obama's bombing and drone strikes had no effect, right? WHY IS THIS MORON ON TELEVISION?",0,negative,negative
@user @user too many morons out there. Ppl get ruffled when someone says something they don't agree with. Want an echo chamber,0,negative,negative
What is y'alls social security number? You know just to keep it safe for y'all just in case y'all forget... #4OUQA,1,neutral,neutral
@user I don't think you are. Conservative is different than fascist nazi,1,neutral,neutral
😂😂😂😂👏🏻👏🏻👏🏻💀 Whoever made this just made my day #blackfriday #thewalkingdead,2,positive,positive
. @user @user is a disgrace. Supported Wall St candidate. Whole career has been fraudulent.,0,negative,negative
A horse is a horse of course Unless that horse is forced to endorse The fascist Marine Le Pen.,0,negative,negative
@user @user Or why other civilised nations have incredibly tight gun control laws?,1,neutral,neutral
"Fearing North Korean dictator, China reportedly bans searches for 'Fatty Kim the Third':",0,negative,negative
Ask who wants new stuff and stop making it. Self serve check outs? NO! Self driving cars? NO. Mass unemployment? NO. Who benefits? #auspol,0,negative,negative
The best era  #3YearsofMidnightMemories #MPN #OneDirection #MtvStarsNiallHoran,2,positive,positive
latest shoot,1,neutral,neutral
"""TPP Grants Banks Terrifying Secret Powers"" on YouTube",2,positive,negative
the amount of times I've said hallo and imitated Melania Trump tonight is at an all time high ahahaha,2,positive,positive
@user @user Giving thanks on the corner of @user street -   #p2 #UniteBlue,1,neutral,neutral
"The #liberalelite cry about the kids getting killed by guns, but not so much for the kids killed by Obamas drone st…",0,negative,negative
Big Fun's jersey is going up to the rafters,1,neutral,positive
@user @user @user Obama got Nobel Prize for PEACE. And he's supposed to have authorised more drone strikes than Bush+,0,negative,negative
@user @user Also: you know which group has been trying to take a more holistic approach to education for decades? Leftists,1,neutral,positive
Late Thanksgiving Day selfie #happyholidays #notsweaterweather…,2,positive,positive
"#AllStar #KyleLowry Hoops, Revolution, Gold Standard 7 LOT AR #Basketball",1,neutral,neutral
Forbes Welcomehttps://t.co/WqplQX2Na8,2,positive,neutral
"Message @user @user phone off, shirt on... Mi Skansen",1,neutral,neutral
"I was personally opposed to the death penalty, and yet I think I have ... #JanetReno #citations",0,negative,neutral
I had steak n shake yesterday so I guess I celebrated...lol #Clueless  #NationalFastFoodDay,2,positive,neutral
"""But now, I just want to wish you a very good journey. Goodbye old friend."" via @user",2,positive,neutral
#BlackLivesMatter..blocking access to white owned stores?..in 1933 Nazis boycotted Jewish owned stores..didn't know there were kaffir Nazis.,0,negative,negative
Melania short circuiting during a televised speech.  #KeepsTrumpUpAtNight,0,negative,negative
Jacob #Israel on how you are really not here right now. #Bibi #Yelev #Jerusalem #Blackfriday,1,neutral,neutral
"Having learned from Brexit first & then Trumps win,the Italians have realised what's at stake,as the world awakens…",1,neutral,positive
"@user but now the white supremacists get to play the victim card, because the system actually *was* rigged",0,negative,negative
Select Your Artist Of The Day 👇#JustinBieber #OneDirection #OneRepublic #ShawnMendes#freetv | freq. 11900V,1,neutral,neutral
"Venezuela: Maduro calls for ""rebellion of Venezuelan women"": Thousands of people took the streets of Caracas on…",1,neutral,neutral
This will settle it once and for all... #NationalFastFoodDay,2,positive,neutral
Deep Learning for Visual Question Answering (VAQ) using KerasA really nice blog post by @user,1,neutral,positive
Prepare to be enlightened!  #TrumpWon #TrumpTransitionTeam @user,2,positive,positive
This might be single most compelling argument against Steve Bannon👇🏾,1,neutral,negative
"@user hahah D, I am missing your stories this thanksgiving so I had to hear jokes from someone else!",1,neutral,positive
galaxy allo dictionary of garbage note 7 fire ios exynos 🍆 🍆,0,negative,negative
@user @user   funny aly  huge  crush zac efron,2,positive,positive
Chinese websites block searches for ‘Fatty Kim the Third’,1,neutral,neutral
"@user @user This is Hillary being vindictive.  Meanwhile, Trump's transition is going well.",1,neutral,negative
#Uber #rolls out new #features in its #rider and #driver #app,2,positive,neutral
"😻@jenniferbeals YAY,#LoveTrumpsAll!💗This warms my soul when I needed it the most...now am I just CRAZY to hope Electoral College pulls thru?",2,positive,positive
