Source,
"Happy Monday Everyone ??
",
"??Stop worrying about what others think of you. Their opinions are NONE of your business.

There is no way to make everyone happy. You need to make yourself happy and do what's best for you, your family, and your business! Block out everything else.

They are going to talk.... Give them a good story to talk about!!!!",
??️ : How much do you love yourself?,
Weekending #makeart2023,
"if you’re not in my giveaway then where the hell you at??️
Only ONE day remaining. Head over to my pinned post for all entry details????
Three lucky winners announced tomorrow 2/14 ❣️",
"I know that the Math doesn’t add up correctly but I love the Message of the speaker ??

Jeden Tag bewege ich meinen Körper, nähre meinen Geist und beruhige meine Seele. Sport, Lesen und Meditation sind meine täglichen Begleiter, die mir dabei helfen, im Gleichgewicht zu bleiben. Was sind eure täglichen Routinen für Körper und Geist?

Every day, I move my body, feed my mind, and calm my soul. Sport, reading, and meditation are my daily companions that help me stay balanced. What are your daily routines for body and mind?


",
"BENEFITS OF THE DEEP SEA CHEMICAL PEEL:

⭐️Helps even skin tone
⭐️Lightens melasma
⭐️Smooths lines and wrinkles
⭐️Softens the look of acne scarring
⭐️Stimulates cell turnover
⭐️Reduces sun damage and hyperpigmentation

Reservations ⬇️
Online Booking + link in bio",
Few morning faves ❤️,
gloomy sunday recovery ☁️????‍♀️ #wellness #selfcare #motivation,
"“Stop thinking about everything so much, you’re breaking your own heart.” -unknown",
"Do you have a skincare regimen for soft, hydrated skin? @mulgeo_official
-
Here I’ve tried Mulgeo Cleansing Milk with Avena Sativa Kernel Oil. It’s so soft yet the nourishing formula helps to maintain my skins moisture balance thus leaving it soft and moist even after washing. It’s smells lightly and elegantly like rosewood and it’s not too strong! #pickycreators #skincare
-
Next I used the Mulgeo Concentrate Emulsion 1.0 with Ferulic Acid. This is
a highly concentrated brightening emulsion created especially for a hot and humid environment, Hello Florida, it has ferulic acid which is an anti-oxidant ingredient derived from rice, and niacinamide (VitaminB3), this emulsion brightens up your skin tone that can be dulled by UV rays and makes it look healthy and radiant.
-
Lastly, I used Mulgeo Tinted Emulsion with SPF50+/ PA++++ it has Ectoin Complete protection with a tinted emulsion. The hydrating emulsion texture is soft and supple, lasting flawlessly from morning to evening. Contains 1% of patentedpre-biotic ‘Ectoin’ which soothes the skin and strengthens the skin barrier.
-
This set is perfect for my morning skincare routine!! Mulgeo is a high efficacy vegan skincare brand that pursues the essence of skincare with skin-friendly emulsion formula system it is the ideal solution for skin by 3-step routine : cleansing, moisturizing, protection, and 3-types of emulsion suited for the changing environment. Crafted with integrity, Mulgeo offers an opportunity to relax in our daily lives while enjoying the moment of self-care with luxurious sensory and delicate scent. Also cruelty free!!",
"It's Thursday, right? And it's March with Spring on its way ???????? Who's excited?

Sharing some of my favorites for anti aging, hydration and softness.

@necessaire 10% off with code ATNARCISA (aff)

@paulaschoice

@farmacybeauty

@indeedlabs

@lancomeofficial

@diorbeauty

@beautyofjoseon_official

-----------------------------------------------------",
"I’m super grateful for every order - big or small ❤️ I just couldn’t believe my eyes when I got this! Thank you so so much to everyone, your orders make it possible for me to add more stuff to my shop, can’t wait to see how my shop looks a few months from now ??",
"During your massage, I work intuively using different pressures and tempos, based on where you are holding tension. I feel my way through your treatment to help free stagnant energy trapped in the body, which will allow you to feel lighter, reduce stress, enable clarity of mind, and aid better sleep. In turn, allowing you to feel good and enhance your overall wellbeing ??",
"Noooothing I love more than a full pamper sesh especially when I’m on holiday with all the SPF, salt water, chlorine & sun, my skin and hair needs that extra TLC ????

These are just a few of my OG faves and some newbies I’m loving at the moment. You can find everything on the link in my bio on @lookfantastic with the code “LFTFSINEADN” to save you ££ off your purchases or the “nuskin refills” link for % off on your skin goodies! Will link everything on stories ????‍♀️????‍♀️????",
Accountability is the gateway to inner peace!,
"Self Reflection Sunday ????‍♂️
The affirmation everyone needed",
"A Sunny drink for my Son❣️If you don’t ask you won’t receive, lol??",
"Singing along with my new baby alchemy bowl that holds the dolphin energies as I prepare to go on our adventure to sing with the whales and dolphins!

We are en route now… ! The day before we left I spent time in our light temple blessing the space and singing these prayer songs in love and gratitude for everything that we’ve manifested and all the expansion of the heart and soul mission that is to come of our adventure into the unknown…

I feel a deep soul call to really deepen my relationship with frequency~ with my own expression, songs, prayers, to harmonize with the earth tones, dolphins and whale songs, and also how the Healy frequency device supports me in coming into more and more of my True Tone…✨✨✨ going to get real nerdy about frequency basically! Hehe

If you want to follow along on this adventure, we will be sharing more in our stories. ??

I can’t wait to be close to the songs of the sea and to sing in love and harmony.

If you’re interested in receiving new recordings each month~ 10-60 min Sound Journeys that you can download and listen to for meditation/yoga/prayer/relaxation… you can sign up as a member by visiting our website, link is in my bio ☺️ There are plenty of songs available for purchase a la carte there as well!",
Send this to anyone who needs the reminder ??,
"?????????????????? ???????? ???????????????????? ???????? ??

✨BENEFITS✨

??Illuminates the skin to reveal a subtle glow

??Keeps skin hydrated throughout the day.

??Returns skin firmness and suppleness while reducing the apperance of fine lines and
wrinkles.

??Reduces the appearance of hyperpigmentation and diminishes the appearance of age
spots, blemishes and discolouration.",
"New Easter @kringlecandle available now ??
Use code MAGZLOVZCANDLEZ for 15% off your order .
What are you buying ? I’m going all in for the trio ??
.
.
.
.",
"Wish someone had told me before that cosplaying as a confident person would help me become a confident person.
✨????‍♀️??✨
Reposting this because Instagram be tripping and I think it’s super valuable overall but especially for my neurodivergent peeps.
The week of beginner friendly workouts I told you to screen shot is also linked in my bio under ‘7 day glow up tracker’, my favorite quick healthy meal recipes are in there too!

If you did the 7 day glow up challenge last week: how did it go??

Hair: @accuracybyakina hair: Rémy Qz 18inch water wave
Editing app: @capcutapp

Hope this helps!
Happy Monday!",
Say it with me…. Self care is not selfish! ??,
"✨Got that Friday facial feeling ✨

Call now to book your facial!
??509-392-5007",
"✨ Current Obsession ✨⁣
⁣
⁣
Ft. Kaya Anti-Aging Face Oil by @costabrazil ✨⁣
⁣
⁣
✨ I’m loving this gorgeous, lightweight, and fast-absorbing face oil! It hydrates my skin and gives me a beautiful glow! I find it perfect for winter.⁣
⁣
⁣
✨ The oil is formulated with an exclusive cold-pressed Jungle Complex™ of rare Amazonian ingredients. Rich in nourishing lipids, fatty acids, omegas 3, 6, 9 and vitamins A, C and E. It’s cruelty-free and doesn’t contain fragrance.⁣
⁣
⁣
✨ Benefits: Moisturizes, Nourishes, Improves Firmness ⁣
⁣
⁣
⁣
Shop via the link in my bio and use the code SKINCAREDAISY20 to get 20% off.??⁣
⁣
⁣
⁣
Have you tried Costa Brazil?⁣
⁣
⁣
⁣
*PR⁣",
Love It!!…. Love all of it!,
"Just introvert things

#begentlewithyourself",
"Tonight just hit differently. I cleaned my apartment this morning, spent time with my family and stayed in tonight. Cooked my comfort meal, danced in my mini pjs to my favourite tunes ?????? did my skincare and began reading a new book! I bought it from a hidden local bookstore.

It’s so nice to spend some ‘me’ time. Its also such a nice feeling when you’re at the point where stop trying to focus your energy on whether you can trust and rely on someone else. When a bird lands on a branch, it doesn’t trust that the branch will never break. It trusts in its ability to fly away if it does.

I’ve had heartbreaks, not just from an ex but with friendships too. But that’s ok, you bounce back and remove yourself from these environments that’s stopping you from growing. Keep on building you!

You’re on your own path and better things are always coming❤️❤️❤️
Thank you for the love on my previous post!
Saw your all beautiful comments and dms and it makes me smile that you appreciate what I put out there. Ily!!

Cream cleanser: @nipandfabau
Pumpkin mask: @banishacnescars [LIZY]",
"How can you actually detox your body???

I have the easiest trick…??
You don’t need to do anything!

You liver and kidneys to that for you??

Don’t waste your time, money and energy to ‘magic’ products from the diet industry, they just want your money…

Did you every some type of detox? Tell me about your experience in the comments??",
Tap on ‘❤️’ if you agree with it??,
Last minute delivery to Grove Park Inn Spa ??Love making SleepSwag deliveries!!,
Self disciplined ???? @gp_theyogabee,
Today’s the day!!! Now seeing patients at our beautiful Raintree location!?? @drsidstarkman @monarchskinlounge,
An early Christmas video for you all!??❤️??,
"It’s giving Christmas ??❄️❤️

Nails by @_theenailgoat

??

??

??
",
Quick weave middle part install on this Goddess ????,
198lbs ????SOLID…THICK THICK…MUSCLE THICK… FIT THICK… SLIM THICK…SEXY THICK!!! A DIFFERENT TYPE OF THICK… NOT YOUR AVERAGE THICK…,
Follow for more.,
"WE DO RECOVER!!!!!!

I stand here humble and thankful for the journey that I have been through and survived! The battle of addiction has been the hardest thing I have ever had to go through! I lost everything dear to me and thought that I was completely broken and would never be able to come back from it all, but would not change anything though, because this was all part of the plan for me to finally find myself!

It took losing everything and almost my life,for me to change my life and ask for help. Sometimes you have to fall, and lose it all,to truly find yourself and most of all, love yourself.

I look back now and see this innocent child,clueless to the world, searching for something to make him happy, and found the only happiness was masked in a bottle, that would soon lead him to destruction. It’s crazy how fast I fell apart and how the disease took over. The only thing I cared about was that drink and nothing else mattered. The power of addiction will kill you if you let it, and it almost killed me right before I made up my mind that it was not going to beat me.

I was doubted by everyone and told that I couldn’t do it! Well, I stand here now #1yearsober, from 100 proof, to living proof, #wedorecover and #sobriety is the greatest thing that has ever happened to me!!!",
"Pr gift ??Smell gorgeous??

Obsessed with the @designerfragrances.eu body sprays

Another 2 beautiful scents to add to the collection
Designer fragrances have come along way since they first started & we have so many scents to choose from now for us and our homes",
"Who has been by your side this year? ?? Shoutout to the people who always show up and support us through it all ??
.
.
Cr @theopeninvite",
"Don’t argue with me on this one ☝??
Listen if pays ?? for the wax he stays PERIOD ????",
"Straight fire. ?? Everything I do, I do it with love, grace, passion, and most importantly faith. I wouldn’t be where I am today without patience and dedication and of course y’all. Thank y’all for riding this wave of life with me ❤️❤️❤️❤️❤️

Thank you Kristen for all your support this year! I’m so thrilled every time I see your name on an order. ??",
Anyone else ever feel this way? Sigh.,
Blinged is eyes a definite yes ??,
"Fellow stressors: Stress doesn't change what you have to do, just how you feel doing it.

You are going to do one thing at a time regardless of your stress levels so you may as well move through your to-do list with less stress ??",
"HOLD YOUR OWN ??️

-

Follow @vvslone2x for more ??️",
"I’m bound to Glo! ✨ Always a great experience at @glo30dc • I popped in for their famous Nano-glo facial treatment, which is a non-invasive infusion of vitamins and fillers applied through a special vial equipped with gold-plated needles for flawless skin ????

The nanoneedling generates collagen, minimizes pores, plumps the skin and boosts collagen. All components come together to give your skin a filter-like effect ??

There are locations in downtown DC, at the Wharf, in Bethesda Maryland, Reston Virginia and soon in Arlington Virginia. I’ve been getting going for a little over a year now and have loved my results every time. I also love their monthly membership program which makes it easy to be consistent with your skin care. Check them out and tell them I sent youuu! ??

Q&A

Results: Results can be seen immediately, but are mostly seen within 2-5 days after treatment.

Going back: Nano-glo can be done as often as every 1-3 months, doing several treatments throughout the year will continue to improve the overall appearance of your skin.

Effects: There is minimal downtime with slight redness day of procedure. A numbing cream is applied during the treatment.",
"getting massages is my favorite way to decompress.
especially when i am feeling stressed or overwhelmed.
my self love & self care journey is all about taking time to take care of myself in every way that brings me peace & balance.
thank you @tbaammt for always taking great care of me.
you are amazing!
check her out for yourself.
you deserve it!????‍♀️??",